constituency_name,constituency_region,constituency_electorate,Conservative and Unionist Party,Labour Party,Liberal Democrats,Brexit Party,Green Party,Scottish National Party,Plaid Cymru,Democratic Unionist Party,Sinn Fein,Social Democratic Labour Party,Ulster Unionist Party,Alliance Party,"Others, Independents or Speaker"
ABERAVON,Wales,50750,6518,17008,1072,3108,450,,2711,,,,,,731
ABERCONWY,Wales,44699,14687,12653,1821,,,,2704,,,,,,
ABERDEEN NORTH,Scotland,62489,7535,4939,2846,1008,880,20205,,,,,,,
ABERDEEN SOUTH,Scotland,65719,16398,3834,5018,,,20388,,,,,,,
AIRDRIE AND SHOTTS,Scotland,64011,7011,12728,1419,,685,17929,,,,,,,
ALDERSHOT,England,72617,27980,11282,6920,,1750,,,,,,,,
ALDRIDGE-BROWNHILLS,England,60138,27850,8014,2371,,771,,,,,,,,336
ALTRINCHAM AND SALE WEST,England,73107,26311,20172,6036,,1566,,,,,,,,678
ALYN AND DEESIDE,Wales,62789,18058,18271,2548,2678,,,1453,,,,,,
AMBER VALLEY,England,69976,29096,12210,2873,,1388,,,,,,,,
ANGUS,Scotland,63952,17421,2051,2482,,,21216,,,,,,,
ARFON,Wales,42215,4428,10353,,1159,,,13134,,,,,,
ARGYLL AND BUTE,Scotland,66525,16930,3248,6832,,,21040,,,,,,,
ARUNDEL AND SOUTH DOWNS,England,81726,35566,9722,13045,,2519,,,,,,,,556
ASHFIELD,England,78204,19231,11971,1105,2501,674,,,,,,,,13498
ASHFORD,England,89553,37270,13241,6048,,2638,,,,,,,,862
ASHTON-UNDER-LYNE,England,67978,14281,18544,1395,3151,1208,,,,,,,,
AYLESBURY,England,86665,32737,15364,10081,,2394,,,,,,,,
"AYR, CARRICK AND CUMNOCK",Scotland,71970,17943,6219,2158,,,20272,,,,,,,
BANBURY,England,90116,34148,17335,8831,,2607,,,,,,,,
BANFF AND BUCHAN,Scotland,66655,21182,1734,2280,,,17064,,,,,,,
BARKING,England,77953,11792,27219,1482,3186,820,,,,,,,,
BARNSLEY CENTRAL,England,65277,7892,14804,1176,11233,900,,,,,,,,898
BARNSLEY EAST,England,69504,10377,14329,1330,11112,922,,,,,,,,
BARROW AND FURNESS,England,70158,23876,18087,2025,1355,703,,,,,,,,
BASILDON AND BILLERICAY,England,69906,29590,9178,3741,,1395,,,,,,,,224
BASINGSTOKE,England,82928,29593,15395,6841,,2138,,,,,,,,746
BASSETLAW,England,80024,28078,14065,3332,5366,,,,,,,,,
BATH,England,67805,16097,6639,28419,642,,,,,,,,,341
BATLEY AND SPEN,England,79558,19069,22594,2462,1678,692,,,,,,,,6432
BATTERSEA,England,79350,21622,27290,9150,386,1529,,,,,,,,
BEACONSFIELD,England,77720,32477,5756,,,2033,,,,,,,,17602
BECKENHAM,England,68662,27282,13024,8194,,2055,,,,,,,,
BEDFORD,England,71581,20346,20491,4608,896,960,,,,,,,,
BELFAST EAST,Northern Ireland,66245,,,,,,,,20874,,,2516,19055,
BELFAST NORTH,Northern Ireland,72225,,,,,,,,21135,23078,,,4824,
BELFAST SOUTH,Northern Ireland,69984,,,,,,,,11678,,27079,1259,6786,550
BELFAST WEST,Northern Ireland,65644,,,,,,,,5220,20866,2985,,1882,7829
BERMONDSEY AND OLD SOUTHWARK,England,93248,9678,31723,15597,1617,,,,,,,,,
"BERWICKSHIRE, ROXBURGH AND SELKIRK",Scotland,74518,25747,2513,4287,,,20599,,,,,,,
BERWICK-UPON-TWEED,England,59939,23947,9112,7656,,1394,,,,,,,,
BETHNAL GREEN AND BOW,England,88262,6528,44052,5892,1081,2570,,,,,,,,439
BEVERLEY AND HOLDERNESS,England,79696,33250,12802,4671,,1378,,,,,,,,1441
BEXHILL AND BATTLE,England,81963,37590,11531,7280,,2692,,,,,,,,
BEXLEYHEATH AND CRAYFORD,England,65466,25856,12753,2819,,1298,,,,,,,,520
BIRKENHEAD,England,63762,5540,24990,1620,1489,1405,,,,,,,,7285
"BIRMINGHAM, EDGBASTON",England,68828,15603,21217,3349,1047,1112,,,,,,,,
"BIRMINGHAM, ERDINGTON",England,66148,14119,17720,1301,1441,648,,,,,,,,
"BIRMINGHAM, HALL GREEN",England,80283,7381,35889,3673,877,818,,,,,,,,4273
"BIRMINGHAM, HODGE HILL",England,78295,6742,35397,760,1519,328,,,,,,,,257
"BIRMINGHAM, LADYWOOD",England,74912,4773,33355,2228,831,931,,,,,,,,
"BIRMINGHAM, NORTHFIELD",England,73694,19957,18317,1961,1655,954,,,,,,,,254
"BIRMINGHAM, PERRY BARR",England,72006,11277,26594,1901,1382,845,,,,,,,,148
"BIRMINGHAM, SELLY OAK",England,82665,15300,27714,3169,1436,1848,,,,,,,,
"BIRMINGHAM, YARDLEY",England,74704,12720,23379,3754,2246,579,,,,,,,,
BISHOP AUCKLAND,England,68170,24067,16105,2133,2500,,,,,,,,,
BLACKBURN,England,71234,10736,29040,1130,2770,741,,,,,,,,319
BLACKLEY AND BROUGHTON,England,73372,9485,23887,1590,2736,920,,,,,,,,
BLACKPOOL NORTH AND CLEVELEYS,England,63692,22364,13768,1494,,735,,,,,,,,443
BLACKPOOL SOUTH,England,57690,16247,12557,1008,2009,563,,,,,,,,368
BLAENAU GWENT,Wales,50739,5749,14862,1285,6215,386,,1722,,,,,,
BLAYDON,England,67853,14263,19794,3703,5833,1279,,,,,,,,809
BLYTH VALLEY,England,64429,17440,16728,2151,3394,1146,,,,,,,,
BOGNOR REGIS AND LITTLEHAMPTON,England,77446,32521,10018,5645,,1826,,,,,,,,1213
BOLSOVER,England,75161,21791,16492,1759,4151,758,,,,,,,,987
BOLTON NORTH EAST,England,67564,19759,19381,1847,1880,689,,,,,,,,
BOLTON SOUTH EAST,England,69163,13918,21516,1411,2968,791,,,,,,,,
BOLTON WEST,England,73191,27255,18400,2704,,939,,,,,,,,
BOOTLE,England,74832,4510,39066,1822,2610,1166,,,,,,,,
BOSTON AND SKEGNESS,England,69381,31963,6342,1963,,,,,,,,,,1428
BOSWORTH,England,81542,36056,9778,9096,,1502,,,,,,,,
BOURNEMOUTH EAST,England,74125,24926,16120,5418,,2049,,,,,,,,761
BOURNEMOUTH WEST,England,74205,24550,14400,4931,,2096,,,,,,,,
BRACKNELL,England,78978,31894,12065,7749,,2089,,,,,,,,553
BRADFORD EAST,England,73206,9681,27825,3316,2700,662,,,,,,,,
BRADFORD SOUTH,England,69046,16044,18390,1505,2819,983,,,,,,,,
BRADFORD WEST,England,70694,6717,33736,1349,1556,813,,,,,,,,90
BRAINTREE,England,75208,34112,9439,4779,,,,,,,,,,2169
BRECON AND RADNORSHIRE,Wales,55490,21958,3944,14827,,,,,,,,,,590
BRENT CENTRAL,England,84032,10909,31779,4844,,1600,,,,,,,,
BRENTFORD AND ISLEWORTH,England,85775,18752,29266,7314,1165,1829,,,,,,,,
BRENT NORTH,England,83788,18832,26911,4065,951,850,,,,,,,,270
BRENTWOOD AND ONGAR,England,75255,36308,7243,7187,,1679,,,,,,,,532
BRIDGEND,Wales,63303,18193,17036,2368,1811,815,,2013,,,,,,
BRIDGWATER AND WEST SOMERSET,England,85327,35827,11388,7805,,1877,,,,,,,,755
BRIGG AND GOOLE,England,65939,30941,9000,2180,,1281,,,,,,,,
"BRIGHTON, KEMPTOWN",England,69833,16972,25033,2964,1327,2237,,,,,,,,
"BRIGHTON, PAVILION",England,79057,10176,13211,,770,33151,,,,,,,,690
BRISTOL EAST,England,73867,16923,27717,3527,1881,2106,,,,,,,,
BRISTOL NORTH WEST,England,76273,21638,27330,4940,,1977,,,,,,,,
BRISTOL SOUTH,England,84079,18036,27895,4227,2325,2713,,,,,,,,
BRISTOL WEST,England,99253,8822,47028,,869,18809,,,,,,,,
BROADLAND,England,78151,33934,12073,9195,,1412,,,,,,,,363
BROMLEY AND CHISLEHURST,England,66697,23958,13067,6621,,1546,,,,,,,,374
BROMSGROVE,England,75078,34408,11302,6779,,1783,,,,,,,,
BROXBOURNE,England,73182,30631,10824,3970,,1281,,,,,,,,
BROXTOWE,England,73052,26602,21271,,,1806,,,,,,,,5593
BUCKINGHAM,England,83146,37035,7638,16624,1286,,,,,,,,,875
BURNLEY,England,64345,15720,14368,3501,3362,739,,,,,,,,1294
BURTON,England,75036,29560,15064,2681,,1433,,,,,,,,
BURY NORTH,England,68802,21660,21555,1584,1240,802,,,,,,,,
BURY SOUTH,England,75152,22034,21632,2315,1672,848,,,,,,,,1773
BURY ST EDMUNDS,England,89644,37770,12782,,,9711,,,,,,,,1694
CAERPHILLY,Wales,63166,11185,18018,,4490,,,6424,,,,,,
"CAITHNESS, SUTHERLAND AND EASTER ROSS",Scotland,46930,5176,1936,11705,1139,,11501,,,,,,,
CALDER VALLEY,England,79287,29981,24207,2884,,,,,,,,,,721
CAMBERWELL AND PECKHAM,England,88971,6478,40258,5087,1041,3501,,,,,,,,127
CAMBORNE AND REDRUTH,England,70250,26764,18064,3504,,1359,,,,,,,,676
CAMBRIDGE,England,79951,8342,25776,16137,1041,2164,,,,,,,,269
CANNOCK CHASE,England,74813,31636,11757,,,2920,,,,,,,,
CANTERBURY,England,80203,27182,29018,3408,,,,,,,,,,505
CARDIFF CENTRAL,Wales,64037,8426,25605,6298,1006,,,,,,,,,487
CARDIFF NORTH,Wales,68438,19082,26064,3580,1311,820,,1606,,,,,,203
CARDIFF SOUTH AND PENARTH,Wales,78837,14645,27382,2985,1999,1182,,2386,,,,,,
CARDIFF WEST,Wales,68508,12922,23908,2731,1619,1133,,3864,,,,,,
CARLISLE,England,65105,23659,15340,2829,,,,,,,,,,1045
CARMARTHEN EAST AND DINEFWR,Wales,57419,14130,8622,,2311,,,15939,,,,,,
CARMARTHEN WEST AND SOUTH PEMBROKESHIRE,Wales,59158,22183,14438,1860,,,,3633,,,,,,
CARSHALTON AND WALLINGTON,England,72941,20822,6081,20193,1043,759,,,,,,,,200
CASTLE POINT,England,69608,33971,7337,2969,,,,,,,,,,
CENTRAL AYRSHIRE,Scotland,69742,16182,6583,2283,,,21486,,,,,,,
CENTRAL DEVON,England,74926,32095,14374,8770,,2833,,,,,,,,
CENTRAL SUFFOLK AND NORTH IPSWICH,England,80037,35253,11862,6485,,2650,,,,,,,,
CEREDIGION,Wales,56250,8879,6317,6975,2063,663,,15208,,,,,,
CHARNWOOD,England,79534,35121,12724,4856,,2664,,,,,,,,
CHATHAM AND AYLESFORD,England,71642,28856,10316,2866,,1090,,,,,,,,212
CHEADLE,England,74577,25694,6851,23358,,,,,,,,,,
CHELMSFORD,England,80394,31934,10295,14313,,,,,,,,,,580
CHELSEA AND FULHAM,England,67110,23345,10872,12104,,,,,,,,,,500
CHELTENHAM,England,81044,28486,2921,27505,,,,,,,,,,445
CHESHAM AND AMERSHAM,England,72542,30850,7166,14627,,3042,,,,,,,,
CHESTERFIELD,England,71034,16720,18171,3985,4771,1148,,,,,,,,391
CHICHESTER,England,85499,35402,9069,13912,,2527,,,,,,,,333
CHINGFORD AND WOODFORD GREEN,England,65393,23481,22219,2744,,,,,,,,,,
CHIPPENHAM,England,77221,30994,6399,19706,,,,,,,,,,
CHIPPING BARNET,England,79960,25745,24533,5932,,1288,,,,,,,,71
CHORLEY,England,78177,,,,,3600,,,,,,,,36270
CHRISTCHURCH,England,71520,33894,6568,9277,,2212,,,,,,,,
CITIES OF LONDON AND WESTMINSTER,England,63700,17049,11624,13096,,728,,,,,,,,226
CITY OF CHESTER,England,76057,20918,27082,3734,1388,1438,,,,,,,,
CITY OF DURHAM,England,71271,15506,20531,7935,3252,1635,,,,,,,,
CLACTON,England,70930,31438,6736,2541,,1225,,,,,,,,1566
CLEETHORPES,England,73689,31969,10551,2535,,1284,,,,,,,,
CLWYD SOUTH,Wales,53919,16222,14983,1496,1468,,,2137,,,,,,
CLWYD WEST,Wales,57714,20403,13656,2237,,,,3907,,,,,,
"COATBRIDGE, CHRYSTON AND BELLSHILL",Scotland,72943,6113,17056,1564,,808,22680,,,,,,,
COLCHESTER,England,82625,26917,17494,7432,,1530,,,,,,,,
COLNE VALLEY,England,84174,29482,24379,3815,1268,1068,,,,,,,,880
CONGLETON,England,80930,33747,15186,6026,,1616,,,,,,,,658
COPELAND,England,61693,22856,17014,1888,,765,,,,,,,,
CORBY,England,86153,33410,23142,3923,,,,,,,,,,
COVENTRY NORTH EAST,England,76006,15720,23412,2061,2110,1141,,,,,,,,
COVENTRY NORTH WEST,England,75247,20710,20918,2717,1956,1443,,,,,,,,
COVENTRY SOUTH,England,70979,19143,19544,3398,1432,1092,,,,,,,,435
CRAWLEY,England,74207,27040,18680,2728,,1451,,,,,,,,
CREWE AND NANTWICH,England,80321,28704,20196,2618,1390,975,,,,,,,,149
CROYDON CENTRAL,England,81407,21175,27124,3532,999,1215,,,,,,,,
CROYDON NORTH,England,88468,11822,36495,4476,839,1629,,,,,,,,348
CROYDON SOUTH,England,83982,30985,18646,7503,,1782,,,,,,,,442
"CUMBERNAULD, KILSYTH AND KIRKINTILLOCH EAST",Scotland,66079,7380,11182,2966,,,24158,,,,,,,
CYNON VALLEY,Wales,51134,6711,15533,949,3045,,,2562,,,,,,1436
DAGENHAM AND RAINHAM,England,71045,19175,19468,1182,2887,602,,,,,,,,421
DARLINGTON,England,66397,20901,17607,2097,1544,1057,,,,,,,,292
DARTFORD,England,82209,34006,14846,3736,,1435,,,,,,,,
DAVENTRY,England,77423,37055,10975,7032,,2341,,,,,,,,
DELYN,Wales,54560,16756,15891,2346,1971,,,1406,,,,,,
DENTON AND REDDISH,England,66234,13142,19317,1642,3039,1124,,,,,,,,324
DERBY NORTH,England,73199,21259,18719,3450,1908,1046,,,,,,,,635
DERBYSHIRE DALES,England,65080,29356,11975,6627,,2058,,,,,,,,
DERBY SOUTH,England,73062,15671,21690,2621,2480,,,,,,,,,
DEVIZES,England,73372,32150,7838,8157,,2809,,,,,,,,
DEWSBURY,England,81253,26179,24618,2406,1874,1060,,,,,,,,252
DONCASTER CENTRAL,England,71389,14360,16638,1748,6842,981,,,,,,,,1012
DONCASTER NORTH,England,72362,13370,15740,1476,8294,,,,,,,,,1818
DON VALLEY,England,75356,19609,15979,1907,6247,872,,,,,,,,823
DOVER,England,76355,28830,16552,2895,,1371,,,,,,,,1053
DUDLEY NORTH,England,61936,23134,11601,1210,,739,,,,,,,,
DUDLEY SOUTH,England,60731,24835,9270,1608,,863,,,,,,,,
DULWICH AND WEST NORWOOD,England,80331,9160,36521,,571,9211,,,,,,,,315
DUMFRIES AND GALLOWAY,Scotland,74580,22678,4745,3133,,,20873,,,,,,,
"DUMFRIESSHIRE, CLYDESDALE AND TWEEDDALE",Scotland,68330,22611,4172,3540,,,18830,,,,,,,
DUNDEE EAST,Scotland,66210,10986,6045,3573,,,24361,,,,,,,312
DUNDEE WEST,Scotland,64431,5149,10096,2468,1271,,22355,,,,,,,240
DUNFERMLINE AND WEST FIFE,Scotland,76652,11207,13028,4262,,1258,23727,,,,,,,
DWYFOR MEIRIONNYDD,Wales,44362,9707,3998,,1776,,,14447,,,,,,
EALING CENTRAL AND ACTON,England,75510,14832,28132,9444,664,1735,,,,,,,,
EALING NORTH,England,74473,15767,28036,4370,,1458,,,,,,,,
"EALING, SOUTHALL",England,64581,9594,25678,3933,867,1688,,,,,,,,457
EASINGTON,England,61182,9142,15723,1526,6744,,,,,,,,,1448
EAST ANTRIM,Northern Ireland,64830,1043,,,,685,,,16871,2120,902,5475,10165,
EASTBOURNE,England,79307,26951,3848,22620,1530,,,,,,,,,185
EAST DEVON,England,87168,32577,2870,1771,,711,,,,,,,,26144
EAST DUNBARTONSHIRE,Scotland,66075,7455,4839,19523,,916,19672,,,,,,,626
EAST HAM,England,88319,8527,41703,2158,1107,883,,,,,,,,250
EAST HAMPSHIRE,England,76478,33446,6287,13750,,2600,,,,,,,,812
"EAST KILBRIDE, STRATHAVEN AND LESMAHAGOW",Scotland,81224,11961,12791,3760,,1153,26113,,,,,,,559
EASTLEIGH,England,83880,32690,7559,17083,,1639,,,,,,,,
EAST LONDONDERRY,Northern Ireland,69246,,,,,,,,15765,6128,6158,3599,5921,1731
EAST LOTHIAN,Scotland,81600,15523,17270,4071,,,21156,,,,,,,493
EAST RENFREWSHIRE,Scotland,72232,19451,6855,4174,,,24877,,,,,,,
EAST SURREY,England,83148,35624,8247,11584,,2340,,,,,,,,1895
EAST WORTHING AND SHOREHAM,England,75194,27107,19633,4127,,2006,,,,,,,,255
EAST YORKSHIRE,England,80923,33988,11201,4219,,1675,,,,,,,,1686
EDDISBURY,England,73700,30095,11652,9582,,1191,,,,,,,,451
EDINBURGH EAST,Scotland,69424,6549,12748,3289,,2064,23165,,,,,,,
EDINBURGH NORTH AND LEITH,Scotland,81336,11000,13117,6635,558,1971,25925,,,,,,,138
EDINBURGH SOUTH,Scotland,66188,8161,23745,3819,,1357,12650,,,,,,,
EDINBURGH SOUTH WEST,Scotland,73501,12848,7478,4971,625,1265,24830,,,,,,,114
EDINBURGH WEST,Scotland,72507,9283,4460,21766,,1027,17997,,,,,,,
EDMONTON,England,65747,10202,26217,2145,840,862,,,,,,,,75
ELLESMERE PORT AND NESTON,England,70327,17237,26001,2406,2138,964,,,,,,,,
ELMET AND ROTHWELL,England,80957,33726,16373,5155,,1775,,,,,,,,1196
ELTHAM,England,64086,17353,20550,2941,1523,1322,,,,,,,,
ENFIELD NORTH,England,68301,16848,23340,2950,797,1115,,,,,,,,
"ENFIELD, SOUTHGATE",England,65525,18473,22923,4344,494,1042,,,,,,,,
EPPING FOREST,England,74304,32364,10191,5387,,1975,,,,,,,,351
EPSOM AND EWELL,England,81138,31819,10226,13946,,2047,,,,,,,,1413
EREWASH,England,72523,27560,16954,2487,,1115,,,,,,,,698
ERITH AND THAMESMEAD,England,65399,16124,19882,1984,2246,876,,,,,,,,272
ESHER AND WALTON,England,81184,31132,2838,28389,,,,,,,,,,725
EXETER,England,82054,19479,29882,,1428,4838,,,,,,,,565
FALKIRK,Scotland,84472,14403,6243,3990,,1885,29351,,,,,,,
FAREHAM,England,78337,36459,10373,8006,,2412,,,,,,,,
FAVERSHAM AND MID KENT,England,73403,31864,9888,6170,,2103,,,,,,,,369
FELTHAM AND HESTON,England,80934,17017,24876,3127,1658,1133,,,,,,,,
FERMANAGH AND SOUTH TYRONE,Northern Ireland,72848,,,,,,,,,21986,3446,21929,2650,751
FILTON AND BRADLEY STOKE,England,74016,26293,20647,4992,,1563,,,,,,,,257
FINCHLEY AND GOLDERS GREEN,England,77573,24162,13347,17600,,,,,,,,,,
FOLKESTONE AND HYTHE,England,88272,35483,14146,5755,,2706,,,,,,,,915
FOREST OF DEAN,England,71438,30680,14811,,,4681,,,,,,,,1303
FOYLE,Northern Ireland,74346,,,,,,,,4773,9771,26881,1088,1267,3364
FYLDE,England,66847,28432,11821,3748,,1731,,,,,,,,927
GAINSBOROUGH,England,76343,33893,10926,5157,,,,,,,,,,1070
GARSTON AND HALEWOOD,England,76116,6954,38578,3324,2943,1183,,,,,,,,344
GATESHEAD,England,64449,13250,20450,2792,,1653,,,,,,,,
GEDLING,England,71366,22718,22039,2279,1820,1097,,,,,,,,
GILLINGHAM AND RAINHAM,England,73549,28173,13054,2503,,1043,,,,,,,,1185
GLASGOW CENTRAL,Scotland,69230,3698,13276,1952,,1429,19750,,,,,,,
GLASGOW EAST,Scotland,67381,5709,12791,1626,,,18357,,,,,,,
GLASGOW NORTH,Scotland,57130,3806,11381,2394,320,1308,16982,,,,,,,
GLASGOW NORTH EAST,Scotland,61075,3558,13363,1093,,,15911,,,,,,,
GLASGOW NORTH WEST,Scotland,63402,6022,11319,2716,,,19678,,,,,,,
GLASGOW SOUTH,Scotland,70891,6237,13824,2786,516,1251,22829,,,,,,,
GLASGOW SOUTH WEST,Scotland,64575,4224,12743,1435,802,,17643,,,,,,,
GLENROTHES,Scotland,65672,6920,9477,2639,1276,,21234,,,,,,,
GLOUCESTER,England,81319,29159,18882,4338,,1385,,,,,,,,
GORDON,Scotland,79629,23066,3052,5913,,,23885,,,,,,,
GOSPORT,England,73541,32226,8948,5473,,1806,,,,,,,,
GOWER,Wales,61762,18371,20208,2236,1379,,,2288,,,,,,
GRANTHAM AND STAMFORD,England,81502,36794,10791,6153,,2265,,,,,,,,
GRAVESHAM,England,73242,29580,13999,2584,,1397,,,,,,,,
GREAT GRIMSBY,England,61409,18150,10819,1070,2378,514,,,,,,,,156
GREAT YARMOUTH,England,71957,28593,10930,1661,,1064,,,,,,,,1214
GREENWICH AND WOOLWICH,England,79997,11721,30185,7253,1228,2363,,,,,,,,370
GUILDFORD,England,77729,26317,4515,22980,,,,,,,,,,4839
HACKNEY NORTH AND STOKE NEWINGTON,England,92462,6784,39972,4283,609,4989,,,,,,,,227
HACKNEY SOUTH AND SHOREDITCH,England,89387,5899,39884,4853,744,2948,,,,,,,,111
HALESOWEN AND ROWLEY REGIS,England,68300,25607,13533,1738,,934,,,,,,,,533
HALIFAX,England,71887,18927,21496,2276,2813,946,,,,,,,,
HALTEMPRICE AND HOWDEN,England,71083,31045,10716,5215,,1764,,,,,,,,1039
HALTON,England,71930,10358,29333,1800,3730,982,,,,,,,,
HAMMERSMITH,England,74759,12227,30074,6947,974,1744,,,,,,,,
HAMPSTEAD AND KILBURN,England,86571,13892,28080,13121,684,1608,,,,,,,,
HARBOROUGH,England,80151,31698,14420,9103,,1709,,,,,,,,389
HARLOW,England,68078,27510,13447,2397,,,,,,,,,,
HARROGATE AND KNARESBOROUGH,England,77941,29962,5480,20287,,,,,,,,,,1208
HARROW EAST,England,72106,26935,18765,3791,,,,,,,,,,
HARROW WEST,England,72464,16440,25132,4310,931,1109,,,,,,,,
HARTLEPOOL,England,70855,11869,15464,1696,10603,,,,,,,,,1405
HARWICH AND NORTH ESSEX,England,74153,31830,11648,5866,,1945,,,,,,,,674
HASTINGS AND RYE,England,80524,26896,22853,3960,,,,,,,,,,565
HAVANT,England,72103,30051,8259,5708,,1597,,,,,,,,344
HAYES AND HARLINGTON,England,72357,15284,24545,1947,1292,739,,,,,,,,187
HAZEL GROVE,England,63346,21592,5508,17169,,,,,,,,,,
HEMEL HEMPSTEAD,England,74035,28968,14405,6317,,1581,,,,,,,,
HEMSWORTH,England,73726,15280,16460,1734,5930,916,,,,,,,,3587
HENDON,England,82661,26878,22648,4628,,921,,,,,,,,
HENLEY,England,76646,32189,5698,18136,,2736,,,,,,,,
HEREFORD AND SOUTH HEREFORDSHIRE,England,72085,30390,10704,6181,,2371,,,,,,,,
HERTFORD AND STORTFORD,England,81765,33712,14092,8596,,2705,,,,,,,,989
HERTSMERE,England,73971,32651,11338,6561,,1653,,,,,,,,
HEXHAM,England,61324,25152,14603,4672,,1723,,,,,,,,
HEYWOOD AND MIDDLETON,England,80162,20453,19790,2073,3952,1220,,,,,,,,
HIGH PEAK,England,74265,24844,24254,2750,1177,1148,,,,,,,,
HITCHIN AND HARPENDEN,England,76323,27719,9959,20824,,,,,,,,,,369
HOLBORN AND ST PANCRAS,England,86061,8878,36641,7314,1032,2746,,,,,,,,175
HORNCHURCH AND UPMINSTER,England,80765,35495,12187,3862,,1920,,,,,,,,510
HORNSEY AND WOOD GREEN,England,81814,6829,35126,15884,763,2192,,,,,,,,311
HORSHAM,England,86730,35900,9424,14773,,2668,,,,,,,,477
HOUGHTON AND SUNDERLAND SOUTH,England,68835,13095,16210,2319,6165,1125,,,,,,,,897
HOVE,England,74313,15832,32876,3731,1111,2496,,,,,,,,345
HUDDERSFIELD,England,65525,15572,20509,2367,1666,1768,,,,,,,,
HUNTINGDON,England,84657,32386,13003,9432,,2233,,,,,,,,2093
HYNDBURN,England,70842,20565,17614,1226,2156,845,,,,,,,,
ILFORD NORTH,England,72973,20105,25323,2680,960,845,,,,,,,,201
ILFORD SOUTH,England,84972,10984,35085,1795,1008,714,,,,,,,,3891
INVERCLYDE,Scotland,60622,6265,11783,2560,,,19295,,,,,,,
"INVERNESS, NAIRN, BADENOCH AND STRATHSPEY",Scotland,78059,15807,4123,5846,1078,1709,26247,,,,,,,
IPSWICH,England,75525,24952,19473,2439,1432,1283,,,,,,,,
ISLE OF WIGHT,England,113021,41815,18078,,,11338,,,,,,,,3211
ISLINGTON NORTH,England,75162,5483,34603,8415,742,4326,,,,,,,,236
ISLINGTON SOUTH AND FINSBURY,England,70489,8045,26897,9569,1136,1987,,,,,,,,182
ISLWYN,Wales,55423,9892,15356,1313,4834,669,,2286,,,,,,
JARROW,England,65103,11243,18363,2360,4122,831,,,,,,,,3817
KEIGHLEY,England,72778,25298,23080,2573,850,,,,,,,,,799
KENILWORTH AND SOUTHAM,England,68154,30351,9440,9998,,2351,,,,,,,,457
KENSINGTON,England,64609,16768,16618,9312,384,535,,,,,,,,145
KETTERING,England,73164,29787,13022,3367,,1543,,,,,,,,1642
KILMARNOCK AND LOUDOUN,Scotland,74517,11557,9009,2444,,,24216,,,,,,,405
KINGSTON AND SURBITON,England,81975,20614,6528,31103,788,1038,,,,,,,,775
KINGSTON UPON HULL EAST,England,65745,11474,12713,1707,5764,784,,,,,,,,
KINGSTON UPON HULL NORTH,England,65515,9440,17033,2084,4771,875,,,,,,,,
KINGSTON UPON HULL WEST AND HESSLE,England,60192,10528,13384,1756,5638,50,,,,,,,,
KINGSWOOD,England,68972,27712,16492,3421,,1200,,,,,,,,489
KIRKCALDY AND COWDENBEATH,Scotland,72853,9449,15325,2903,1132,1628,16568,,,,,,,
KNOWSLEY,England,84082,4432,44374,1117,3348,1262,,,,,,,,405
LAGAN VALLEY,Northern Ireland,75735,955,,,,,,,19586,1098,1758,8606,13087,315
LANARK AND HAMILTON EAST,Scotland,77659,17056,10736,3037,,,22243,,,,,,,
LANCASTER AND FLEETWOOD,England,70059,18804,21184,2018,1817,1396,,,,,,,,
LEEDS CENTRAL,England,90971,11143,30413,2343,2999,2105,,,,,,,,281
LEEDS EAST,England,67286,13933,19464,1796,2981,878,,,,,,,,
LEEDS NORTH EAST,England,70580,11935,29024,5665,1769,1931,,,,,,,,176
LEEDS NORTH WEST,England,67741,13222,23971,9397,1304,1389,,,,,,,,
LEEDS WEST,England,67727,11622,22186,1787,2685,1274,,,,,,,,727
LEICESTER EAST,England,78433,19071,25090,2800,1243,888,,,,,,,,329
LEICESTER SOUTH,England,77708,10931,33606,2754,1187,1669,,,,,,,,
LEICESTER WEST,England,64940,13079,17291,1808,1620,977,,,,,,,,
LEIGH,England,77417,21266,19301,2252,3161,,,,,,,,,999
LEWES,England,71503,26268,3206,23811,,1453,,,,,,,,113
"LEWISHAM, DEPTFORD",England,80631,6303,39216,5774,789,3085,,,,,,,,201
LEWISHAM EAST,England,67857,9653,26661,5039,1234,1706,,,,,,,,522
LEWISHAM WEST AND PENGE,England,74617,10317,31860,6260,1060,2390,,,,,,,,213
LEYTON AND WANSTEAD,England,64852,8028,28836,4666,785,1805,,,,,,,,427
LICHFIELD,England,76616,34844,11206,5632,,1743,,,,,,,,568
LINCOLN,England,74942,24267,20753,2422,1079,1195,,,,,,,,913
LINLITHGOW AND EAST FALKIRK,Scotland,87044,14285,10517,4393,1257,1184,25551,,,,,,,588
"LIVERPOOL, RIVERSIDE",England,80310,4127,41170,2696,1779,3017,,,,,,,,
"LIVERPOOL, WALTON",England,62628,4018,34538,756,,814,,,,,,,,660
"LIVERPOOL, WAVERTREE",England,63458,4225,31310,4055,1921,1365,,,,,,,,501
"LIVERPOOL, WEST DERBY",England,65640,4133,34117,1296,2012,605,,,,,,,,1826
LIVINGSTON,Scotland,82285,12182,11915,3457,,1421,25617,,,,,,,
LLANELLI,Wales,60518,11455,16125,,3605,,,7048,,,,,,
LOUGHBOROUGH,England,79764,27954,20785,4153,,1504,,,,,,,,235
LOUTH AND HORNCASTLE,England,79634,38021,9153,4114,,,,,,,,,,1044
LUDLOW,England,69444,32185,7591,8537,,1912,,,,,,,,
LUTON NORTH,England,68185,14249,23496,2063,1215,771,,,,,,,,795
LUTON SOUTH,England,69338,13031,21787,,1601,995,,,,,,,,4650
MACCLESFIELD,England,76216,28292,17581,5684,,2310,,,,,,,,
MAIDENHEAD,England,76668,32620,7882,13774,,2216,,,,,,,,
MAIDSTONE AND THE WEALD,England,76109,31220,9448,8482,,2172,,,,,,,,358
MAKERFIELD,England,74190,15214,19954,2108,5817,1166,,,,,,,,
MALDON,England,72438,36304,6263,5990,,1851,,,,,,,,
MANCHESTER CENTRAL,England,92247,7734,36823,3420,2335,1870,,,,,,,,107
"MANCHESTER, GORTON",England,76419,4244,34583,2448,1573,1697,,,,,,,,
"MANCHESTER, WITHINGTON",England,76530,5820,35902,7997,1308,1968,,,,,,,,
MANSFIELD,England,77131,31484,15178,1626,,,,,,,,,,985
MEON VALLEY,England,75737,35271,5644,11716,,2198,,,,,,,,
MERIDEN,England,85368,34358,11522,5614,,2667,,,,,,,,
MERTHYR TYDFIL AND RHYMNEY,Wales,56322,6307,16913,1116,3604,,,2446,,,,,,1860
MID BEDFORDSHIRE,England,87795,38692,14028,8171,,2478,,,,,,,,1348
MID DERBYSHIRE,England,67442,29027,13642,4756,,1931,,,,,,,,
MIDDLESBROUGH,England,60764,8812,17207,816,2168,546,,,,,,,,4548
MIDDLESBROUGH SOUTH AND EAST CLEVELAND,England,72348,28135,16509,1953,,1220,,,,,,,,
MID DORSET AND NORTH POOLE,England,65427,29548,3402,14650,,1330,,,,,,,,
MIDLOTHIAN,Scotland,70544,10467,14328,3393,,,20033,,,,,,,
MID NORFOLK,England,82203,35051,12457,7739,,,,,,,,,,939
MID SUSSEX,England,85146,33455,11218,15258,,2234,,,,,,,,597
MID ULSTER,Northern Ireland,70449,,,,,,,,10936,20473,6384,2611,3526,690
MID WORCESTERSHIRE,England,78220,37426,9408,6474,,2177,,,,,,,,638
MILTON KEYNES NORTH,England,91545,30938,24683,4991,,1931,,,,,,,,
MILTON KEYNES SOUTH,England,96363,32011,25067,4688,,1495,,,,,,,,746
MITCHAM AND MORDEN,England,70021,11482,27964,3717,1202,1160,,,,,,,,216
MOLE VALLEY,England,74665,31656,2965,19615,,1874,,,,,,,,1000
MONMOUTH,Wales,67098,26160,16178,4909,,1353,,1182,,,,,,435
MONTGOMERYSHIRE,Wales,48997,20020,5585,7882,,,,,,,,,,727
MORAY,Scotland,71035,22112,2432,2269,,,21599,,,,,,,413
MORECAMBE AND LUNESDALE,England,67397,23925,17571,2328,,938,,,,,,,,548
MORLEY AND OUTWOOD,England,78803,29424,18157,2285,,1107,,,,,,,,957
MOTHERWELL AND WISHAW,Scotland,68856,7150,14354,1675,,,20622,,,,,,,619
NA H-EILEANAN AN IAR,Scotland,21106,3216,4093,637,,,6531,,,,,,,
NEATH,Wales,56419,10283,15920,1485,3184,728,,4495,,,,,,661
NEWARK,England,75850,34660,12844,5308,,1950,,,,,,,,
NEWBURY,England,83414,34431,4404,18384,,2454,,,,,,,,325
NEWCASTLE-UNDER-LYME,England,68211,23485,16039,2361,1921,933,,,,,,,,
NEWCASTLE UPON TYNE CENTRAL,England,57845,9290,21568,2709,2542,1365,,,,,,,,
NEWCASTLE UPON TYNE EAST,England,63796,10586,26049,4535,,2195,,,,,,,,
NEWCASTLE UPON TYNE NORTH,England,68486,15589,21354,4357,4331,1368,,,,,,,,
NEW FOREST EAST,England,73549,32769,7518,7390,,2434,,,,,,,,675
NEW FOREST WEST,England,70869,32113,6595,7710,,3888,,,,,,,,
NEWPORT EAST,Wales,58554,14133,16125,2121,2454,577,,872,,,,,,
NEWPORT WEST,Wales,66657,18075,18977,2565,1727,902,,1187,,,,,,
NEWRY AND ARMAGH,Northern Ireland,81226,,,,,,,,11000,20287,9449,4204,4211,1628
NEWTON ABBOT,England,72529,29190,9329,11689,,1508,,,,,,,,840
"NORMANTON, PONTEFRACT AND CASTLEFORD",England,84527,17021,18297,3147,8032,,,,,,,,,1762
NORTHAMPTON NORTH,England,58768,21031,15524,2031,,953,,,,,,,,
NORTHAMPTON SOUTH,England,62163,20914,16217,2482,,1222,,,,,,,,
NORTH ANTRIM,Northern Ireland,77134,,,,,,,,20860,5632,2943,8139,6231,246
NORTH AYRSHIRE AND ARRAN,Scotland,73534,14855,6702,2107,,1114,23376,,,,,,,
NORTH CORNWALL,England,69935,30671,4516,15919,,,,,,,,,,572
NORTH DEVON,England,75859,31479,5097,16666,,1759,,,,,,,,580
NORTH DORSET,England,76765,35705,6737,11404,,2261,,,,,,,,
NORTH DOWN,Northern Ireland,67099,1959,,,,,,,15390,,,4936,18358,
NORTH DURHAM,England,66796,13897,18639,2879,4693,1126,,,,,,,,961
NORTH EAST BEDFORDSHIRE,England,90678,38443,14160,7999,,1891,,,,,,,,2525
NORTH EAST CAMBRIDGESHIRE,England,83699,38423,8430,4298,,1813,,,,,,,,
NORTH EAST DERBYSHIRE,England,72345,28897,16021,3021,,1278,,,,,,,,
NORTH EAST FIFE,Scotland,60905,5961,1707,19763,,,18447,,,,,,,
NORTH EAST HAMPSHIRE,England,78954,35280,5760,15069,,1754,,,,,,,,1407
NORTH EAST HERTFORDSHIRE,England,76123,31293,13104,8563,,2367,,,,,,,,
NORTH EAST SOMERSET,England,73692,28360,13631,12422,,1423,,,,,,,,472
NORTH HEREFORDSHIRE,England,70252,32158,6804,7302,,4769,,,,,,,,
NORTH NORFOLK,England,70729,29792,3895,15397,1739,,,,,,,,,
NORTH SHROPSHIRE,England,83258,35444,12495,5643,,1790,,,,,,,,1141
NORTH SOMERSET,England,80194,32801,15265,11051,,2938,,,,,,,,
NORTH SWINDON,England,82441,32584,16413,4408,,1710,,,,,,,,
NORTH THANET,England,72756,30066,12877,3439,,1796,,,,,,,,
NORTH TYNESIDE,England,78902,15490,25051,3241,5254,1393,,,,,,,,
NORTH WARWICKSHIRE,England,70271,30249,12293,2069,,1303,,,,,,,,
NORTH WEST CAMBRIDGESHIRE,England,94909,40307,14324,6881,,3021,,,,,,,,
NORTH WEST DURHAM,England,72166,19990,18846,2831,3193,1173,,,,,,,,1630
NORTH WEST HAMPSHIRE,England,83083,36591,9327,10283,,2717,,,,,,,,
NORTH WEST LEICESTERSHIRE,England,78935,33811,13411,3614,,2478,,,,,,,,507
NORTH WEST NORFOLK,England,72080,30627,10705,3625,,1645,,,,,,,,
NORTH WILTSHIRE,England,73280,32373,5699,14747,,1939,,,,,,,,
NORWICH NORTH,England,67172,23397,18659,2663,,1078,,,,,,,,488
NORWICH SOUTH,England,77845,15006,27766,4776,1656,2469,,,,,,,,
NOTTINGHAM EAST,England,66262,8342,25735,1954,1343,1183,,,,,,,,1447
NOTTINGHAM NORTH,England,66495,12847,17337,1582,2686,868,,,,,,,,
NOTTINGHAM SOUTH,England,79485,14018,26586,3935,2012,1583,,,,,,,,
NUNEATON,England,70226,27390,14246,1862,,1692,,,,,,,,
OCHIL AND SOUTH PERTHSHIRE,Scotland,78776,22384,4961,3204,,,26882,,,,,,,382
OGMORE,Wales,57581,9797,17602,1460,2991,621,,2919,,,,,,
OLD BEXLEY AND SIDCUP,England,66104,29786,10834,3822,,1477,,,,,,,,226
OLDHAM EAST AND SADDLEWORTH,England,72120,18589,20088,2423,2980,778,,,,,,,,1306
OLDHAM WEST AND ROYTON,England,72999,13452,24579,1484,3316,681,,,,,,,,922
ORKNEY AND SHETLAND,Scotland,34211,2287,1550,10381,900,,7874,,,,,,,168
ORPINGTON,England,68877,30882,8504,7552,,1783,,,,,,,,
OXFORD EAST,England,78303,10303,28135,6884,1146,2392,,,,,,,,499
OXFORD WEST AND ABINGDON,England,76951,22397,4258,31340,829,,,,,,,,,
PAISLEY AND RENFREWSHIRE NORTH,Scotland,72007,11217,11451,3661,,,23353,,,,,,,
PAISLEY AND RENFREWSHIRE SOUTH,Scotland,64385,7571,10958,2918,,,21637,,,,,,,
PENDLE,England,65292,24076,17890,1548,,678,,,,,,,,268
PENISTONE AND STOCKSBRIDGE,England,70925,23688,16478,5054,4300,,,,,,,,,
PENRITH AND THE BORDER,England,67555,28875,10356,5364,,2159,,,,,,,,1070
PERTH AND NORTH PERTHSHIRE,Scotland,72600,19812,2471,3780,651,,27362,,,,,,,
PETERBOROUGH,England,72560,22334,19754,2334,2127,728,,,,,,,,524
"PLYMOUTH, MOOR VIEW",England,69430,26831,13934,2301,,1173,,,,,,,,
"PLYMOUTH, SUTTON AND DEVONPORT",England,77852,20704,25461,2545,2909,1557,,,,,,,,
PONTYPRIDD,Wales,60327,11494,17381,,2917,,,4990,,,,,,2278
POOLE,England,73989,29599,10483,7819,,1702,,,,,,,,848
POPLAR AND LIMEHOUSE,England,91836,9756,38660,8832,1493,2159,,,,,,,,376
PORTSMOUTH NORTH,England,71299,28172,12392,3419,,1304,,,,,,,,623
PORTSMOUTH SOUTH,England,74186,17705,23068,5418,994,,,,,,,,,240
PRESELI PEMBROKESHIRE,Wales,59606,21381,16319,1943,,,,2776,,,,,,
PRESTON,England,59672,8724,20870,1737,1799,660,,,,,,,,
PUDSEY,England,73212,26453,22936,3088,,894,,,,,,,,844
PUTNEY,England,65556,18006,22780,8548,,1133,,,,,,,,
RAYLEIGH AND WICKFORD,England,78930,39864,8864,4171,,2002,,,,,,,,
READING EAST,England,77152,21178,27102,5035,852,1549,,,,,,,,202
READING WEST,England,74137,24393,20276,4460,,1263,,,,,,,,
REDCAR,England,65864,18811,15284,2018,2915,491,,,,,,,,1323
REDDITCH,England,65391,27907,11871,2905,,1384,,,,,,,,
REIGATE,England,74242,28665,10355,10320,,3169,,,,,,,,647
RHONDDA,Wales,50262,4675,16115,612,3733,438,,4069,,,,,,
RIBBLE VALLEY,England,79247,33346,14907,4776,,1704,,,,,,,,551
RICHMOND PARK,England,82699,26793,3407,34559,,,,,,,,,,308
RICHMOND (YORKS),England,82569,36693,9483,6989,,2500,,,,,,,,2038
ROCHDALE,England,78909,14807,24475,3312,3867,986,,,,,,,,
ROCHESTER AND STROOD,England,82056,31151,14079,3717,,1312,,,,,,,,1667
ROCHFORD AND SOUTHEND EAST,England,75624,27063,14777,2822,,,,,,,,,,1474
ROMFORD,England,72350,30494,12601,2708,,1428,,,,,,,,
ROMSEY AND SOUTHAMPTON NORTH,England,68228,27862,5898,16990,,,,,,,,,,640
ROSSENDALE AND DARWEN,England,72770,27570,18048,2011,,1193,,,,,,,,
"ROSS, SKYE AND LOCHABER",Scotland,54230,6900,2448,9820,710,,19263,,,,,,,728
ROTHERHAM,England,61688,11615,14736,2090,6125,,,,,,,,,1085
ROTHER VALLEY,England,74804,21970,15652,2553,6264,1219,,,,,,,,1040
RUGBY,England,72292,29255,15808,4207,,1544,,,,,,,,
"RUISLIP, NORTHWOOD AND PINNER",England,72816,29391,12997,7986,,1646,,,,,,,,884
RUNNYMEDE AND WEYBRIDGE,England,77196,29262,10992,9236,,1876,,,,,,,,1923
RUSHCLIFFE,England,77047,28765,21122,9600,,,,,,,,,,1018
RUTHERGLEN AND HAMILTON WEST,Scotland,80918,8054,18545,2791,,,23775,,,,,,,629
RUTLAND AND MELTON,England,82705,36507,9583,7970,,2875,,,,,,,,1375
SAFFRON WALDEN,England,87017,39714,8305,12120,,2947,,,,,,,,
SALFORD AND ECCLES,England,82202,12428,28755,3099,4290,2060,,,,,,,,
SALISBURY,England,74556,30280,9675,10544,,2486,,,,,,,,745
SCARBOROUGH AND WHITBY,England,74404,27593,17323,3038,,,,,,,,,,1770
SCUNTHORPE,England,61955,20306,13855,875,2044,670,,,,,,,,
SEDGEFIELD,England,64325,19609,15096,1955,3518,994,,,,,,,,394
SEFTON CENTRAL,England,69760,14132,29254,3386,2425,1261,,,,,,,,422
SELBY AND AINSTY,England,78398,33995,13858,4842,,1823,,,,,,,,1900
SEVENOAKS,England,71757,30932,6946,10114,,1974,,,,,,,,990
"SHEFFIELD, BRIGHTSIDE AND HILLSBOROUGH",England,69333,10095,22369,1517,3855,1179,,,,,,,,585
SHEFFIELD CENTRAL,England,89849,6695,33968,3237,1969,4570,,,,,,,,474
"SHEFFIELD, HALLAM",England,72763,14696,19709,18997,1562,1630,,,,,,,,291
"SHEFFIELD, HEELEY",England,66940,12955,21475,2916,3538,1811,,,,,,,,
SHEFFIELD SOUTH EAST,England,67832,15070,19359,2125,4478,,,,,,,,,966
SHERWOOD,England,77888,32049,15863,2883,,1214,,,,,,,,700
SHIPLEY,England,74029,27437,21195,3188,,1301,,,,,,,,883
SHREWSBURY AND ATCHAM,England,82238,31021,19804,5906,,1762,,,,,,,,572
SITTINGBOURNE AND SHEPPEY,England,83917,34742,10263,3213,,1188,,,,,,,,1988
SKIPTON AND RIPON,England,78673,34919,11225,8701,,2748,,,,,,,,1131
SLEAFORD AND NORTH HYKEHAM,England,94761,44683,12118,5355,,1742,,,,,,,,2656
SLOUGH,England,86818,15781,29421,3357,1432,1047,,,,,,,,
SOLIHULL,England,78760,32309,11036,9977,,2022,,,,,,,,
SOMERTON AND FROME,England,85866,36230,8354,17017,,3295,,,,,,,,
"SOUTHAMPTON, ITCHEN",England,72299,23952,19454,2503,,1040,,,,,,,,472
"SOUTHAMPTON, TEST",England,70116,16043,22256,3449,1591,1433,,,,,,,,222
SOUTH ANTRIM,Northern Ireland,71711,,,,,,,,15149,4887,2288,12460,8190,
SOUTH BASILDON AND EAST THURROCK,England,74441,29973,10051,1957,,,,,,,,,,3316
SOUTH CAMBRIDGESHIRE,England,87288,31015,7803,28111,,,,,,,,,,
SOUTH DERBYSHIRE,England,79331,33502,14167,3924,,1788,,,,,,,,
SOUTH DORSET,England,73809,30024,12871,5432,,2246,,,,,,,,485
SOUTH DOWN,Northern Ireland,79175,,,,,,,,7619,16137,14517,3307,6916,1266
SOUTH EAST CAMBRIDGESHIRE,England,86769,32187,10492,20697,,,,,,,,,,1009
SOUTH EAST CORNWALL,England,71825,31807,10836,8650,,1493,,,,,,,,869
SOUTHEND WEST,England,69043,27555,13096,5312,,,,,,,,,,574
SOUTH HOLLAND AND THE DEEPINGS,England,75975,37338,6500,3225,,1613,,,,,,,,503
SOUTH LEICESTERSHIRE,England,80520,36791,12787,5452,,2439,,,,,,,,
SOUTH NORFOLK,England,86214,36258,14983,8744,,2499,,,,,,,,
SOUTH NORTHAMPTONSHIRE,England,90842,41755,13994,7891,,2634,,,,,,,,634
SOUTHPORT,England,70837,22914,18767,6499,,,,,,,,,,
SOUTH RIBBLE,England,75351,30028,18829,3720,,1207,,,,,,,,
SOUTH SHIELDS,England,62793,7688,17273,1514,6446,1303,,,,,,,,3658
SOUTH STAFFORDSHIRE,England,73668,36520,8270,3280,,1935,,,,,,,,
SOUTH SUFFOLK,England,76201,33270,10373,6702,,3144,,,,,,,,
SOUTH SWINDON,England,73118,26536,19911,4299,,,,,,,,,,
SOUTH THANET,England,73223,27084,16497,2727,,1949,,,,,,,,
SOUTH WEST BEDFORDSHIRE,England,79926,32212,13629,5435,,2031,,,,,,,,
SOUTH WEST DEVON,England,72535,33286,11856,6207,,2018,,,,,,,,
SOUTH WEST HERTFORDSHIRE,England,80499,30327,7228,6251,,1466,,,,,,,,15919
SOUTH WEST NORFOLK,England,78455,35507,9312,4166,,1645,,,,,,,,836
SOUTH WEST SURREY,England,79096,32191,4775,23374,,,,,,,,,,
SOUTH WEST WILTSHIRE,England,77969,33038,11408,8015,,2434,,,,,,,,
SPELTHORNE,England,70929,29141,10748,7499,,2122,,,,,,,,
STAFFORD,England,72572,29992,15615,3175,,2367,,,,,,,,
STAFFORDSHIRE MOORLANDS,England,65485,28192,11764,2469,,1231,,,,,,,,
ST ALBANS,England,73727,22574,5000,28867,,1004,,,,,,,,154
STALYBRIDGE AND HYDE,England,73064,16079,19025,1827,3591,1411,,,,,,,,435
ST AUSTELL AND NEWQUAY,England,79930,31273,14747,5861,,1609,,,,,,,,2286
STEVENAGE,England,71562,25328,16766,4132,,1457,,,,,,,,
ST HELENS NORTH,England,75593,12661,24870,2668,5396,1966,,,,,,,,
ST HELENS SOUTH AND WHISTON,England,79061,10335,29457,2886,5353,2282,,,,,,,,
STIRLING,Scotland,68473,17641,4275,2867,,942,26895,,,,,,,
ST IVES,England,68795,25365,3553,21085,,964,,,,,,,,446
STOCKPORT,England,65391,11656,21695,5043,1918,1403,,,,,,,,
STOCKTON NORTH,England,66649,16701,17728,1631,3907,,,,,,,,,1189
STOCKTON SOUTH,England,76870,27764,22504,2338,2196,,,,,,,,,
STOKE-ON-TRENT CENTRAL,England,55419,14557,13887,1116,1691,819,,,,,,,,
STOKE-ON-TRENT NORTH,England,68298,20974,14688,1268,2374,508,,,,,,,,322
STOKE-ON-TRENT SOUTH,England,64491,24632,13361,1611,,,,,,,,,,
STONE,England,69378,31687,11742,4412,,2002,,,,,,,,
STOURBRIDGE,England,69891,27534,13963,2523,,1048,,,,,,,,621
STRANGFORD,Northern Ireland,66928,1476,,,,790,,,17705,555,1994,4023,10634,308
STRATFORD-ON-AVON,England,74037,33343,6222,13371,,2112,,,,,,,,
STREATHAM,England,84783,9060,30976,13286,624,2567,,,,,,,,
STRETFORD AND URMSTON,England,72372,13778,30195,2969,1768,1357,,,,,,,,
STROUD,England,84537,31582,27742,,1085,4954,,,,,,,,567
SUFFOLK COASTAL,England,81910,32958,12425,8719,,2713,,,,,,,,1493
SUNDERLAND CENTRAL,England,72680,15372,18336,3025,5047,1212,,,,,,,,484
SURREY HEATH,England,81349,34358,5407,16009,,2252,,,,,,,,628
SUTTON AND CHEAM,England,71779,25235,7200,16884,,1168,,,,,,,,
SUTTON COLDFIELD,England,75638,31604,12332,6358,,2031,,,,,,,,
SWANSEA EAST,Wales,58450,9435,17405,1409,2842,583,,1905,,,,,,
SWANSEA WEST,Wales,57078,10377,18493,2993,1983,,,1984,,,,,,
TAMWORTH,England,71572,30542,10908,2426,,935,,,,,,,,1245
TATTON,England,69018,28277,10890,7712,,2088,,,,,,,,
TAUNTON DEANE,England,88676,34164,4715,22464,,,,,,,,,,2390
TELFORD,England,68921,25546,14605,2674,,,,,,,,,,
TEWKESBURY,England,83958,35728,9310,13318,,2784,,,,,,,,
THE COTSWOLDS,England,81939,35484,7110,15270,,3312,,,,,,,,
THE WREKIN,England,70693,31029,12303,4067,,1491,,,,,,,,
THIRSK AND MALTON,England,80991,35634,10480,6774,,2263,,,,,,,,1437
THORNBURY AND YATE,England,69492,30202,4208,17833,,,,,,,,,,
THURROCK,England,79659,27795,16313,1510,,807,,,,,,,,1042
TIVERTON AND HONITON,England,82953,35893,11654,8807,,2291,,,,,,,,968
TONBRIDGE AND MALLING,England,79278,35784,8286,8843,,4090,,,,,,,,
TOOTING,England,76954,16504,30811,8305,462,2314,,,,,,,,77
TORBAY,England,75054,29863,6562,12114,,1239,,,,,,,,648
TORFAEN,Wales,62330,11804,15546,1831,5742,812,,1441,,,,,,
TORRIDGE AND WEST DEVON,England,80403,35904,10290,10912,,2077,,,,,,,,547
TOTNES,England,69863,27751,8860,15027,,,,,,,,,,544
TOTTENHAM,England,75740,5446,35621,3168,527,1873,,,,,,,,221
TRURO AND FALMOUTH,England,76719,27237,22676,7150,,1714,,,,,,,,413
TUNBRIDGE WELLS,England,74823,30119,8098,15474,,,,,,,,,,959
TWICKENHAM,England,84906,22045,5476,36166,816,,,,,,,,,
TYNEMOUTH,England,77261,22071,26928,3791,1963,1281,,,,,,,,
UPPER BANN,Northern Ireland,82887,,,,,,,,20501,12291,4623,6197,6433,
UXBRIDGE AND SOUTH RUISLIP,England,70365,25351,18141,3026,,1090,,,,,,,,579
VALE OF CLWYD,Wales,56649,17270,15443,1471,1477,,,1552,,,,,,
VALE OF GLAMORGAN,Wales,76508,27305,23743,,,3251,,,,,,,,508
VAUXHALL,England,88659,9422,31615,12003,641,2516,,,,,,,,136
WAKEFIELD,England,70192,21283,17925,1772,2725,,,,,,,,,1322
WALLASEY,England,66310,11579,29901,1843,2037,1132,,,,,,,,
WALSALL NORTH,England,67177,23334,11369,1236,,617,,,,,,,,
WALSALL SOUTH,England,68024,17416,20872,1602,1660,634,,,,,,,,288
WALTHAMSTOW,England,70267,5922,36784,2874,768,1733,,,,,,,,254
WANSBECK,England,63339,16310,17124,2539,3141,1217,,,,,,,,178
WANTAGE,England,90867,34085,10181,21432,,,,,,,,,,1475
WARLEY,England,62357,10390,21901,1588,2469,891,,,,,,,,
WARRINGTON NORTH,England,72235,19102,20611,3071,2626,1257,,,,,,,,
WARRINGTON SOUTH,England,86015,28187,26177,5732,1635,,,,,,,,,168
WARWICK AND LEAMINGTON,England,76362,22929,23718,4995,807,1536,,,,,,,,220
WASHINGTON AND SUNDERLAND WEST,England,66278,12218,15941,2071,5439,1005,,,,,,,,839
WATFORD,England,83359,26421,21988,9323,,,,,,,,,,333
WAVENEY,England,82791,31778,13776,2603,,2727,,,,,,,,245
WEALDEN,England,82998,37043,9377,11388,,3099,,,,,,,,
WEAVER VALE,England,70551,22210,22772,3300,1380,1051,,,,,,,,
WELLINGBOROUGH,England,80765,32277,13737,4078,,1821,,,,,,,,
WELLS,England,84124,33336,4304,23345,,,,,,,,,,643
WELWYN HATFIELD,England,74892,27394,16439,6602,,1618,,,,,,,,
WENTWORTH AND DEARNE,England,74536,14577,16742,1705,7019,,,,,,,,,1514
WEST ABERDEENSHIRE AND KINCARDINE,Scotland,72640,22752,2431,6253,,,21909,,,,,,,
WEST BROMWICH EAST,England,62046,16804,15211,1313,1475,627,,,,,,,,545
WEST BROMWICH WEST,England,64517,17419,13620,915,1841,664,,,,,,,,
WEST DORSET,England,81897,33589,5729,19483,,2124,,,,,,,,
WEST DUNBARTONSHIRE,Scotland,66517,6436,12843,1890,,867,22396,,,,,,,708
WEST HAM,England,97947,9793,42181,4161,1679,1780,,,,,,,,606
WEST LANCASHIRE,England,73347,19122,27458,2560,2275,1248,,,,,,,,
WESTMINSTER NORTH,England,65519,12481,23240,5593,418,1064,,,,,,,,115
WESTMORLAND AND LONSDALE,England,67789,23861,2293,25795,763,,,,,,,,,
WESTON-SUPER-MARE,England,82526,31983,14862,6935,,1834,,,,,,,,
WEST SUFFOLK,England,80193,33842,10648,4685,,2262,,,,,,,,
WEST TYRONE,Northern Ireland,66259,,,,,521,,,9066,16544,7330,2774,3979,972
WEST WORCESTERSHIRE,England,76241,34909,9496,10410,,2715,,,,,,,,
WIGAN,England,75680,14314,21042,2428,5959,1299,,,,,,,,
WIMBLEDON,England,68240,20373,12543,19745,,,,,,,,,,366
WINCHESTER,England,75582,28430,2723,27445,,,,,,,,,,292
WINDSOR,England,75038,31501,8147,11422,,1796,,,,,,,,884
WIRRAL SOUTH,England,57280,16179,22284,2917,1219,948,,,,,,,,
WIRRAL WEST,England,55550,17692,20695,2706,860,965,,,,,,,,
WITHAM,England,70402,32876,8794,4584,,3090,,,,,,,,
WITNEY,England,83845,33856,8770,18679,,,,,,,,,,
WOKING,England,75424,26396,8827,16629,,1485,,,,,,,,600
WOKINGHAM,England,83953,30734,6450,23351,,1382,,,,,,,,80
WOLVERHAMPTON NORTH EAST,England,61660,17722,13642,960,1354,603,,,,,,,,
WOLVERHAMPTON SOUTH EAST,England,62883,14287,15522,1019,2094,521,,,,,,,,
WOLVERHAMPTON SOUTH WEST,England,60534,19864,18203,2041,1028,,,,,,,,,
WORCESTER,England,73485,25856,19098,3666,,1694,,,,,,,,584
WORKINGTON,England,61370,20488,16312,1525,1749,596,,,,,,,,929
WORSLEY AND ECCLES SOUTH,England,75219,17227,20446,2510,3224,1300,,,,,,,,
WORTHING WEST,England,78585,30475,15652,6024,,2008,,,,,,,,489
WREXHAM,Wales,49737,15199,13068,1447,1222,445,,2151,,,,,,
WYCOMBE,England,78093,24766,20552,6543,,1454,,,,,,,,1441
WYRE AND PRESTON NORTH,England,74775,31589,14808,4463,,1729,,,,,,,,335
WYRE FOREST,England,78077,32960,11547,4081,,1973,,,,,,,,
WYTHENSHAWE AND SALE EAST,England,76313,13459,23855,3111,2717,1559,,,,,,,,58
YEOVIL,England,82468,34588,3761,18407,,1629,,,,,,,,875
YNYS MON,Wales,51925,12959,10991,,2184,,,10418,,,,,,
YORK CENTRAL,England,74899,13767,27312,4149,1479,2107,,,,,,,,691
YORK OUTER,England,74673,27324,17339,9992,,,,,,,,,,692
